<model>
<id>Nodo_Generico</id>
<namespace>http://www.Nodo_Generico.swb#</namespace>
<title>Nodo Genérico</title>
<description>null</description>
<model>
<type>http://www.semanticwebbuilder.org/swb4/ontology#UserRepository</type>
<id>Nodo_Generico_usr</id>
<namespace>http://user.Nodo_Generico.swb#</namespace>
<title>Repositorio de usuarios(cultura)</title>
<description>null</description>
</model>
<model>
<type>http://www.semanticwebbuilder.org/swb4/repository#Workspace</type>
<id>Nodo_Generico_rep</id>
<namespace>http://repository.Nodo_Generico.swb#</namespace>
<title>Repositorio de documentos(cultura)</title>
<description>null</description>
</model>
</model>